<?xml version="1.0" encoding="UTF-8" standalone="yes"?>
<addon id="repository.miroir" name="SYNQ Repo" version="0.1.0" provider-name="jacobmiroir">
    <extension point="xbmc.addon.repository" name="Example Repository">
        <dir>
            <info compressed="false">https://raw.githubusercontent.com/jacobmiroir/jacobmiroir.github.io/master/repo/zips/addons.xml</info>
            <checksum>https://raw.githubusercontent.com/jacobmiroir/jacobmiroir.github.io/master/repo/zips/addons.xml.md5</checksum>
            <datadir zip="true">https://raw.githubusercontent.com/jacobmiroir/jacobmiroir.github.io/master/repo/zips/</datadir>
        </dir>
    </extension>
    <extension point="xbmc.addon.metadata">
        <summary>SYNQ Repo</summary>
        <description>Addons for SYNQ</description>
        <disclaimer></disclaimer>
        <platform>all</platform>
        <assets>
            <icon>icon.png</icon>
            <fanart>fanart.jpg</fanart>
        </assets>
    </extension>
</addon>