{
  "name"              : "Disney+",
  "plugin"            : "slyguy.disney.plus",
  "priority"          : 100,
  "is_resolvable"     : "true",
  "make_playlist"     : "true",
  "assert"            : {
                          "play_movie":       ["title", "year"],
                          "play_episode":     ["showname", "season", "episode"],
                          "search_movie":     ["title"],
                          "search_episode":   ["showname"]
                        },
  "play_movie"        : [
                          "plugin://slyguy.disney.plus/?_=search&query={title_url}",
                          {"strict": "true", "title": "(?i)^(\\[.*\\])?.*{title}.*(\\[.*\\])?$", "year": "{year}", "dialog": "true"}
                        ],
  "play_episode"      : [
                          "plugin://slyguy.disney.plus/?_=search&query={showname_url}",
                          {"title": "(?i)^(\\[.*\\])?{showname}(\\[.*\\])?$"},
                          {"title": "(?i)^Season {season}$"},
                          {"strict": "true", "season": "^{season}$", "episode": "^{episode}$", "dialog": "true"}
                        ],
  "search_movie"      : "plugin://slyguy.disney.plus/?_=search&query={title_url}",
  "search_episode"    : "plugin://slyguy.disney.plus/?_=search&query={showname_url}"
}